"","cohort","mcohort","resp.var","cv.fold","family","var.type","metric","non.trivial","value"
"1","ccAustria","ccAustria","group",1,"binomial","BGC","auc",FALSE,0.5
"2","ccAustria","ccAustria","group",2,"binomial","BGC","auc",FALSE,0.5
"3","ccAustria","ccAustria","group",3,"binomial","BGC","auc",FALSE,0.5
"4","ccAustria","ccAustria","group",4,"binomial","BGC","auc",TRUE,0.8
"5","ccAustria","ccAustria","group",5,"binomial","BGC","auc",TRUE,0.8
"6","ccAustria","ccAustria","group",6,"binomial","BGC","auc",TRUE,0.6
"7","ccAustria","ccAustria","group",7,"binomial","BGC","auc",TRUE,0.666666666666667
"8","ccAustria","ccAustria","group",8,"binomial","BGC","auc",FALSE,0.5
"9","ccAustria","ccAustria","group",9,"binomial","BGC","auc",TRUE,1
"10","ccAustria","ccAustria","group",10,"binomial","BGC","auc",FALSE,0.5
"11","ccAustria","ccAustria","group",11,"binomial","BGC","auc",TRUE,0.514285714285714
"12","ccAustria","ccAustria","group",12,"binomial","BGC","auc",TRUE,0.625
"13","ccAustria","ccAustria","group",13,"binomial","BGC","auc",TRUE,0.9
"14","ccAustria","ccAustria","group",14,"binomial","BGC","auc",TRUE,0.589285714285714
"15","ccAustria","ccAustria","group",15,"binomial","BGC","auc",FALSE,0.5
"16","ccAustria","ccAustria","group",16,"binomial","BGC","auc",TRUE,0.625
"17","ccAustria","ccAustria","group",17,"binomial","BGC","auc",TRUE,0.6
"18","ccAustria","ccAustria","group",18,"binomial","BGC","auc",TRUE,0.9
"19","ccAustria","ccAustria","group",19,"binomial","BGC","auc",FALSE,0.5
"20","ccAustria","ccAustria","group",20,"binomial","BGC","auc",TRUE,0.625
"21","ccAustria","ccAustria","group",21,"binomial","BGC","auc",FALSE,0.5
"22","ccAustria","ccAustria","group",22,"binomial","BGC","auc",FALSE,0.5
"23","ccAustria","ccAustria","group",23,"binomial","BGC","auc",FALSE,0.5
"24","ccAustria","ccAustria","group",24,"binomial","BGC","auc",TRUE,0.7
"25","ccAustria","ccAustria","group",25,"binomial","BGC","auc",TRUE,0.6
"26","ccAustria","ccAustria","group",26,"binomial","BGC","auc",TRUE,0.657142857142857
"27","ccAustria","ccAustria","group",27,"binomial","BGC","auc",FALSE,0.5
"28","ccAustria","ccAustria","group",28,"binomial","BGC","auc",TRUE,0.571428571428571
"29","ccAustria","ccAustria","group",29,"binomial","BGC","auc",TRUE,0.833333333333333
"30","ccAustria","ccAustria","group",30,"binomial","BGC","auc",TRUE,0.833333333333333
"31","ccAustria","ccAustria","group",31,"binomial","BGC","auc",TRUE,0.75
"32","ccAustria","ccAustria","group",32,"binomial","BGC","auc",FALSE,0.5
"33","ccAustria","ccAustria","group",33,"binomial","BGC","auc",TRUE,0.971428571428571
"34","ccAustria","ccAustria","group",34,"binomial","BGC","auc",TRUE,0.875
"35","ccAustria","ccAustria","group",35,"binomial","BGC","auc",TRUE,0.8
"36","ccAustria","ccAustria","group",36,"binomial","BGC","auc",TRUE,0.6
"37","ccAustria","ccAustria","group",37,"binomial","BGC","auc",TRUE,0.708333333333333
"38","ccAustria","ccAustria","group",38,"binomial","BGC","auc",TRUE,0.6
"39","ccAustria","ccAustria","group",39,"binomial","BGC","auc",FALSE,0.5
"40","ccAustria","ccAustria","group",40,"binomial","BGC","auc",TRUE,0.6
"41","ccAustria","ccAustria","group",41,"binomial","BGC","auc",FALSE,0.5
"42","ccAustria","ccAustria","group",42,"binomial","BGC","auc",TRUE,0.666666666666667
"43","ccAustria","ccAustria","group",43,"binomial","BGC","auc",TRUE,0.803571428571429
"44","ccAustria","ccAustria","group",44,"binomial","BGC","auc",FALSE,0.5
"45","ccAustria","ccAustria","group",45,"binomial","BGC","auc",TRUE,0.433333333333333
"46","ccAustria","ccAustria","group",46,"binomial","BGC","auc",TRUE,0.791666666666667
"47","ccAustria","ccAustria","group",47,"binomial","BGC","auc",FALSE,0.5
"48","ccAustria","ccAustria","group",48,"binomial","BGC","auc",TRUE,0.708333333333333
"49","ccAustria","ccAustria","group",49,"binomial","BGC","auc",FALSE,0.5
"50","ccAustria","ccAustria","group",50,"binomial","BGC","auc",TRUE,0.541666666666667
"51","ccAustria","ccAustria","group",51,"binomial","BGC","auc",FALSE,0.5
"52","ccAustria","ccAustria","group",52,"binomial","BGC","auc",TRUE,0.583333333333333
"53","ccAustria","ccAustria","group",53,"binomial","BGC","auc",FALSE,0.5
"54","ccAustria","ccAustria","group",54,"binomial","BGC","auc",FALSE,0.5
"55","ccAustria","ccAustria","group",55,"binomial","BGC","auc",TRUE,0.321428571428571
"56","ccAustria","ccAustria","group",56,"binomial","BGC","auc",TRUE,0.8
"57","ccAustria","ccAustria","group",57,"binomial","BGC","auc",FALSE,0.5
"58","ccAustria","ccAustria","group",58,"binomial","BGC","auc",TRUE,0.8
"59","ccAustria","ccAustria","group",59,"binomial","BGC","auc",TRUE,0.714285714285714
"60","ccAustria","ccAustria","group",60,"binomial","BGC","auc",FALSE,0.5
"61","ccAustria","ccAustria","group",61,"binomial","BGC","auc",TRUE,0.875
"62","ccAustria","ccAustria","group",62,"binomial","BGC","auc",FALSE,0.5
"63","ccAustria","ccAustria","group",63,"binomial","BGC","auc",TRUE,0.514285714285714
"64","ccAustria","ccAustria","group",64,"binomial","BGC","auc",TRUE,0.6
"65","ccAustria","ccAustria","group",65,"binomial","BGC","auc",TRUE,0.55
"66","ccAustria","ccAustria","group",66,"binomial","BGC","auc",TRUE,0.566666666666667
"67","ccAustria","ccAustria","group",67,"binomial","BGC","auc",TRUE,0.75
"68","ccAustria","ccAustria","group",68,"binomial","BGC","auc",TRUE,0.9
"69","ccAustria","ccAustria","group",69,"binomial","BGC","auc",TRUE,0.766666666666667
"70","ccAustria","ccAustria","group",70,"binomial","BGC","auc",FALSE,0.5
"71","ccAustria","ccAustria","group",71,"binomial","BGC","auc",TRUE,0.657142857142857
"72","ccAustria","ccAustria","group",72,"binomial","BGC","auc",TRUE,0.833333333333333
"73","ccAustria","ccAustria","group",73,"binomial","BGC","auc",FALSE,0.5
"74","ccAustria","ccAustria","group",74,"binomial","BGC","auc",TRUE,0.514285714285714
"75","ccAustria","ccAustria","group",75,"binomial","BGC","auc",TRUE,0.8
"76","ccAustria","ccAustria","group",76,"binomial","BGC","auc",TRUE,0.75
"77","ccAustria","ccAustria","group",77,"binomial","BGC","auc",TRUE,0.875
"78","ccAustria","ccAustria","group",78,"binomial","BGC","auc",FALSE,0.5
"79","ccAustria","ccAustria","group",79,"binomial","BGC","auc",FALSE,0.5
"80","ccAustria","ccAustria","group",80,"binomial","BGC","auc",TRUE,0.628571428571429
"81","ccAustria","ccAustria","group",81,"binomial","BGC","auc",TRUE,0.733333333333333
"82","ccAustria","ccAustria","group",82,"binomial","BGC","auc",FALSE,0.5
"83","ccAustria","ccAustria","group",83,"binomial","BGC","auc",TRUE,0.833333333333333
"84","ccAustria","ccAustria","group",84,"binomial","BGC","auc",TRUE,0.791666666666667
"85","ccAustria","ccAustria","group",85,"binomial","BGC","auc",FALSE,0.5
"86","ccAustria","ccAustria","group",86,"binomial","BGC","auc",TRUE,0.464285714285714
"87","ccAustria","ccAustria","group",87,"binomial","BGC","auc",TRUE,0.685714285714286
"88","ccAustria","ccAustria","group",88,"binomial","BGC","auc",TRUE,0.6
"89","ccAustria","ccAustria","group",89,"binomial","BGC","auc",TRUE,0.5
"90","ccAustria","ccAustria","group",90,"binomial","BGC","auc",FALSE,0.5
"91","ccAustria","ccAustria","group",91,"binomial","BGC","auc",TRUE,0.821428571428571
"92","ccAustria","ccAustria","group",92,"binomial","BGC","auc",TRUE,0.928571428571429
"93","ccAustria","ccAustria","group",93,"binomial","BGC","auc",TRUE,0.7
"94","ccAustria","ccAustria","group",94,"binomial","BGC","auc",FALSE,0.5
"95","ccAustria","ccAustria","group",95,"binomial","BGC","auc",FALSE,0.5
"96","ccAustria","ccAustria","group",96,"binomial","BGC","auc",FALSE,0.5
"97","ccAustria","ccAustria","group",97,"binomial","BGC","auc",TRUE,0.6
"98","ccAustria","ccAustria","group",98,"binomial","BGC","auc",TRUE,0.666666666666667
"99","ccAustria","ccAustria","group",99,"binomial","BGC","auc",TRUE,0.566666666666667
"100","ccAustria","ccAustria","group",100,"binomial","BGC","auc",FALSE,0.5
"101","ccChina","ccChina","group",1,"binomial","BGC","auc",FALSE,0.5
"102","ccChina","ccChina","group",2,"binomial","BGC","auc",TRUE,0.342857142857143
"103","ccChina","ccChina","group",3,"binomial","BGC","auc",TRUE,0.645833333333333
"104","ccChina","ccChina","group",4,"binomial","BGC","auc",FALSE,0.5
"105","ccChina","ccChina","group",5,"binomial","BGC","auc",TRUE,0.4
"106","ccChina","ccChina","group",6,"binomial","BGC","auc",TRUE,0.542857142857143
"107","ccChina","ccChina","group",7,"binomial","BGC","auc",TRUE,0.714285714285714
"108","ccChina","ccChina","group",8,"binomial","BGC","auc",TRUE,0.625
"109","ccChina","ccChina","group",9,"binomial","BGC","auc",TRUE,0.69047619047619
"110","ccChina","ccChina","group",10,"binomial","BGC","auc",FALSE,0.5
"111","ccChina","ccChina","group",11,"binomial","BGC","auc",TRUE,0.942857142857143
"112","ccChina","ccChina","group",12,"binomial","BGC","auc",TRUE,0.742857142857143
"113","ccChina","ccChina","group",13,"binomial","BGC","auc",FALSE,0.5
"114","ccChina","ccChina","group",14,"binomial","BGC","auc",FALSE,0.5
"115","ccChina","ccChina","group",15,"binomial","BGC","auc",TRUE,0.2
"116","ccChina","ccChina","group",16,"binomial","BGC","auc",TRUE,0.925
"117","ccChina","ccChina","group",17,"binomial","BGC","auc",TRUE,0.5
"118","ccChina","ccChina","group",18,"binomial","BGC","auc",TRUE,0.785714285714286
"119","ccChina","ccChina","group",19,"binomial","BGC","auc",TRUE,0.738095238095238
"120","ccChina","ccChina","group",20,"binomial","BGC","auc",TRUE,0.4375
"121","ccChina","ccChina","group",21,"binomial","BGC","auc",TRUE,0.8
"122","ccChina","ccChina","group",22,"binomial","BGC","auc",TRUE,0.771428571428571
"123","ccChina","ccChina","group",23,"binomial","BGC","auc",FALSE,0.5
"124","ccChina","ccChina","group",24,"binomial","BGC","auc",FALSE,0.5
"125","ccChina","ccChina","group",25,"binomial","BGC","auc",FALSE,0.5
"126","ccChina","ccChina","group",26,"binomial","BGC","auc",TRUE,0.875
"127","ccChina","ccChina","group",27,"binomial","BGC","auc",TRUE,0.371428571428571
"128","ccChina","ccChina","group",28,"binomial","BGC","auc",TRUE,0.69047619047619
"129","ccChina","ccChina","group",29,"binomial","BGC","auc",TRUE,0.729166666666667
"130","ccChina","ccChina","group",30,"binomial","BGC","auc",TRUE,0.3
"131","ccChina","ccChina","group",31,"binomial","BGC","auc",FALSE,0.5
"132","ccChina","ccChina","group",32,"binomial","BGC","auc",FALSE,0.5
"133","ccChina","ccChina","group",33,"binomial","BGC","auc",FALSE,0.5
"134","ccChina","ccChina","group",34,"binomial","BGC","auc",TRUE,0.714285714285714
"135","ccChina","ccChina","group",35,"binomial","BGC","auc",FALSE,0.5
"136","ccChina","ccChina","group",36,"binomial","BGC","auc",TRUE,0.725
"137","ccChina","ccChina","group",37,"binomial","BGC","auc",TRUE,0.742857142857143
"138","ccChina","ccChina","group",38,"binomial","BGC","auc",TRUE,0.7
"139","ccChina","ccChina","group",39,"binomial","BGC","auc",TRUE,0.708333333333333
"140","ccChina","ccChina","group",40,"binomial","BGC","auc",TRUE,0.595238095238095
"141","ccChina","ccChina","group",41,"binomial","BGC","auc",TRUE,0.65
"142","ccChina","ccChina","group",42,"binomial","BGC","auc",TRUE,0.771428571428571
"143","ccChina","ccChina","group",43,"binomial","BGC","auc",TRUE,0.708333333333333
"144","ccChina","ccChina","group",44,"binomial","BGC","auc",TRUE,0.833333333333333
"145","ccChina","ccChina","group",45,"binomial","BGC","auc",TRUE,0.4
"146","ccChina","ccChina","group",46,"binomial","BGC","auc",TRUE,0.685714285714286
"147","ccChina","ccChina","group",47,"binomial","BGC","auc",TRUE,0.857142857142857
"148","ccChina","ccChina","group",48,"binomial","BGC","auc",TRUE,0.525
"149","ccChina","ccChina","group",49,"binomial","BGC","auc",TRUE,0.685714285714286
"150","ccChina","ccChina","group",50,"binomial","BGC","auc",TRUE,0.541666666666667
"151","ccChina","ccChina","group",51,"binomial","BGC","auc",TRUE,0.914285714285714
"152","ccChina","ccChina","group",52,"binomial","BGC","auc",TRUE,0.6
"153","ccChina","ccChina","group",53,"binomial","BGC","auc",TRUE,0.75
"154","ccChina","ccChina","group",54,"binomial","BGC","auc",FALSE,0.5
"155","ccChina","ccChina","group",55,"binomial","BGC","auc",TRUE,0.65
"156","ccChina","ccChina","group",56,"binomial","BGC","auc",TRUE,0.571428571428571
"157","ccChina","ccChina","group",57,"binomial","BGC","auc",FALSE,0.5
"158","ccChina","ccChina","group",58,"binomial","BGC","auc",TRUE,0.571428571428571
"159","ccChina","ccChina","group",59,"binomial","BGC","auc",TRUE,0.4
"160","ccChina","ccChina","group",60,"binomial","BGC","auc",TRUE,0.975
"161","ccChina","ccChina","group",61,"binomial","BGC","auc",TRUE,0.714285714285714
"162","ccChina","ccChina","group",62,"binomial","BGC","auc",TRUE,0.657142857142857
"163","ccChina","ccChina","group",63,"binomial","BGC","auc",TRUE,0.65
"164","ccChina","ccChina","group",64,"binomial","BGC","auc",TRUE,0.428571428571429
"165","ccChina","ccChina","group",65,"binomial","BGC","auc",TRUE,0.571428571428571
"166","ccChina","ccChina","group",66,"binomial","BGC","auc",TRUE,0.775
"167","ccChina","ccChina","group",67,"binomial","BGC","auc",TRUE,0.725
"168","ccChina","ccChina","group",68,"binomial","BGC","auc",FALSE,0.5
"169","ccChina","ccChina","group",69,"binomial","BGC","auc",FALSE,0.5
"170","ccChina","ccChina","group",70,"binomial","BGC","auc",TRUE,0.833333333333333
"171","ccChina","ccChina","group",71,"binomial","BGC","auc",TRUE,0.771428571428571
"172","ccChina","ccChina","group",72,"binomial","BGC","auc",FALSE,0.5
"173","ccChina","ccChina","group",73,"binomial","BGC","auc",TRUE,0.657142857142857
"174","ccChina","ccChina","group",74,"binomial","BGC","auc",TRUE,0.604166666666667
"175","ccChina","ccChina","group",75,"binomial","BGC","auc",TRUE,0.666666666666667
"176","ccChina","ccChina","group",76,"binomial","BGC","auc",TRUE,0.6
"177","ccChina","ccChina","group",77,"binomial","BGC","auc",TRUE,0.685714285714286
"178","ccChina","ccChina","group",78,"binomial","BGC","auc",FALSE,0.5
"179","ccChina","ccChina","group",79,"binomial","BGC","auc",TRUE,0.65
"180","ccChina","ccChina","group",80,"binomial","BGC","auc",FALSE,0.5
"181","ccChina","ccChina","group",81,"binomial","BGC","auc",TRUE,0.770833333333333
"182","ccChina","ccChina","group",82,"binomial","BGC","auc",FALSE,0.5
"183","ccChina","ccChina","group",83,"binomial","BGC","auc",TRUE,0.666666666666667
"184","ccChina","ccChina","group",84,"binomial","BGC","auc",TRUE,0.457142857142857
"185","ccChina","ccChina","group",85,"binomial","BGC","auc",TRUE,0.742857142857143
"186","ccChina","ccChina","group",86,"binomial","BGC","auc",FALSE,0.5
"187","ccChina","ccChina","group",87,"binomial","BGC","auc",TRUE,0.657142857142857
"188","ccChina","ccChina","group",88,"binomial","BGC","auc",TRUE,0.628571428571429
"189","ccChina","ccChina","group",89,"binomial","BGC","auc",TRUE,0.6
"190","ccChina","ccChina","group",90,"binomial","BGC","auc",TRUE,0.708333333333333
"191","ccChina","ccChina","group",91,"binomial","BGC","auc",TRUE,0.7
"192","ccChina","ccChina","group",92,"binomial","BGC","auc",TRUE,0.571428571428571
"193","ccChina","ccChina","group",93,"binomial","BGC","auc",TRUE,0.825
"194","ccChina","ccChina","group",94,"binomial","BGC","auc",FALSE,0.5
"195","ccChina","ccChina","group",95,"binomial","BGC","auc",TRUE,0.854166666666667
"196","ccChina","ccChina","group",96,"binomial","BGC","auc",TRUE,0.625
"197","ccChina","ccChina","group",97,"binomial","BGC","auc",TRUE,0.542857142857143
"198","ccChina","ccChina","group",98,"binomial","BGC","auc",TRUE,0.771428571428571
"199","ccChina","ccChina","group",99,"binomial","BGC","auc",TRUE,0.619047619047619
"200","ccChina","ccChina","group",100,"binomial","BGC","auc",TRUE,0.6
"201","ccUSA","ccUSA","group",1,"binomial","BGC","auc",TRUE,0.7
"202","ccUSA","ccUSA","group",2,"binomial","BGC","auc",TRUE,0.28
"203","ccUSA","ccUSA","group",3,"binomial","BGC","auc",TRUE,0.6
"204","ccUSA","ccUSA","group",4,"binomial","BGC","auc",TRUE,0.76
"205","ccUSA","ccUSA","group",5,"binomial","BGC","auc",TRUE,0.88
"206","ccUSA","ccUSA","group",6,"binomial","BGC","auc",TRUE,0.466666666666667
"207","ccUSA","ccUSA","group",7,"binomial","BGC","auc",TRUE,0.72
"208","ccUSA","ccUSA","group",8,"binomial","BGC","auc",TRUE,0.48
"209","ccUSA","ccUSA","group",9,"binomial","BGC","auc",TRUE,0.36
"210","ccUSA","ccUSA","group",10,"binomial","BGC","auc",TRUE,0.733333333333333
"211","ccUSA","ccUSA","group",11,"binomial","BGC","auc",TRUE,0.366666666666667
"212","ccUSA","ccUSA","group",12,"binomial","BGC","auc",TRUE,0.88
"213","ccUSA","ccUSA","group",13,"binomial","BGC","auc",TRUE,0.2
"214","ccUSA","ccUSA","group",14,"binomial","BGC","auc",TRUE,0.32
"215","ccUSA","ccUSA","group",15,"binomial","BGC","auc",TRUE,0.6
"216","ccUSA","ccUSA","group",16,"binomial","BGC","auc",TRUE,1
"217","ccUSA","ccUSA","group",17,"binomial","BGC","auc",TRUE,0.366666666666667
"218","ccUSA","ccUSA","group",18,"binomial","BGC","auc",TRUE,0.44
"219","ccUSA","ccUSA","group",19,"binomial","BGC","auc",TRUE,0.733333333333333
"220","ccUSA","ccUSA","group",20,"binomial","BGC","auc",TRUE,0.833333333333333
"221","ccUSA","ccUSA","group",21,"binomial","BGC","auc",TRUE,0.52
"222","ccUSA","ccUSA","group",22,"binomial","BGC","auc",TRUE,0.472222222222222
"223","ccUSA","ccUSA","group",23,"binomial","BGC","auc",TRUE,0.56
"224","ccUSA","ccUSA","group",24,"binomial","BGC","auc",TRUE,0.633333333333333
"225","ccUSA","ccUSA","group",25,"binomial","BGC","auc",TRUE,0.72
"226","ccUSA","ccUSA","group",26,"binomial","BGC","auc",TRUE,0.6
"227","ccUSA","ccUSA","group",27,"binomial","BGC","auc",TRUE,0.56
"228","ccUSA","ccUSA","group",28,"binomial","BGC","auc",TRUE,0.48
"229","ccUSA","ccUSA","group",29,"binomial","BGC","auc",TRUE,0.52
"230","ccUSA","ccUSA","group",30,"binomial","BGC","auc",TRUE,0.44
"231","ccUSA","ccUSA","group",31,"binomial","BGC","auc",TRUE,0.433333333333333
"232","ccUSA","ccUSA","group",32,"binomial","BGC","auc",TRUE,0.6
"233","ccUSA","ccUSA","group",33,"binomial","BGC","auc",TRUE,0.64
"234","ccUSA","ccUSA","group",34,"binomial","BGC","auc",TRUE,0.56
"235","ccUSA","ccUSA","group",35,"binomial","BGC","auc",TRUE,0.7
"236","ccUSA","ccUSA","group",36,"binomial","BGC","auc",TRUE,0.28
"237","ccUSA","ccUSA","group",37,"binomial","BGC","auc",TRUE,0.5
"238","ccUSA","ccUSA","group",38,"binomial","BGC","auc",TRUE,0.6
"239","ccUSA","ccUSA","group",39,"binomial","BGC","auc",TRUE,0.733333333333333
"240","ccUSA","ccUSA","group",40,"binomial","BGC","auc",TRUE,0.52
"241","ccUSA","ccUSA","group",41,"binomial","BGC","auc",TRUE,0.433333333333333
"242","ccUSA","ccUSA","group",42,"binomial","BGC","auc",TRUE,0.76
"243","ccUSA","ccUSA","group",43,"binomial","BGC","auc",TRUE,0.833333333333333
"244","ccUSA","ccUSA","group",44,"binomial","BGC","auc",TRUE,0.4
"245","ccUSA","ccUSA","group",45,"binomial","BGC","auc",TRUE,0.72
"246","ccUSA","ccUSA","group",46,"binomial","BGC","auc",TRUE,0.36
"247","ccUSA","ccUSA","group",47,"binomial","BGC","auc",TRUE,0.48
"248","ccUSA","ccUSA","group",48,"binomial","BGC","auc",TRUE,0.52
"249","ccUSA","ccUSA","group",49,"binomial","BGC","auc",TRUE,0.6
"250","ccUSA","ccUSA","group",50,"binomial","BGC","auc",TRUE,0.7
"251","ccUSA","ccUSA","group",51,"binomial","BGC","auc",TRUE,0.96
"252","ccUSA","ccUSA","group",52,"binomial","BGC","auc",TRUE,0.8
"253","ccUSA","ccUSA","group",53,"binomial","BGC","auc",TRUE,0.52
"254","ccUSA","ccUSA","group",54,"binomial","BGC","auc",TRUE,0.52
"255","ccUSA","ccUSA","group",55,"binomial","BGC","auc",TRUE,0.566666666666667
"256","ccUSA","ccUSA","group",56,"binomial","BGC","auc",TRUE,0.366666666666667
"257","ccUSA","ccUSA","group",57,"binomial","BGC","auc",TRUE,0.472222222222222
"258","ccUSA","ccUSA","group",58,"binomial","BGC","auc",TRUE,0.64
"259","ccUSA","ccUSA","group",59,"binomial","BGC","auc",TRUE,0.88
"260","ccUSA","ccUSA","group",60,"binomial","BGC","auc",TRUE,0.52
"261","ccUSA","ccUSA","group",61,"binomial","BGC","auc",TRUE,0.666666666666667
"262","ccUSA","ccUSA","group",62,"binomial","BGC","auc",TRUE,0.76
"263","ccUSA","ccUSA","group",63,"binomial","BGC","auc",TRUE,0.32
"264","ccUSA","ccUSA","group",64,"binomial","BGC","auc",TRUE,0.68
"265","ccUSA","ccUSA","group",65,"binomial","BGC","auc",TRUE,0.6
"266","ccUSA","ccUSA","group",66,"binomial","BGC","auc",TRUE,0.8
"267","ccUSA","ccUSA","group",67,"binomial","BGC","auc",TRUE,0.566666666666667
"268","ccUSA","ccUSA","group",68,"binomial","BGC","auc",TRUE,0.8
"269","ccUSA","ccUSA","group",69,"binomial","BGC","auc",TRUE,0.56
"270","ccUSA","ccUSA","group",70,"binomial","BGC","auc",TRUE,0.56
"271","ccUSA","ccUSA","group",71,"binomial","BGC","auc",TRUE,0.64
"272","ccUSA","ccUSA","group",72,"binomial","BGC","auc",TRUE,0.56
"273","ccUSA","ccUSA","group",73,"binomial","BGC","auc",TRUE,0.566666666666667
"274","ccUSA","ccUSA","group",74,"binomial","BGC","auc",TRUE,0.6
"275","ccUSA","ccUSA","group",75,"binomial","BGC","auc",TRUE,0.64
"276","ccUSA","ccUSA","group",76,"binomial","BGC","auc",TRUE,0.666666666666667
"277","ccUSA","ccUSA","group",77,"binomial","BGC","auc",TRUE,0.48
"278","ccUSA","ccUSA","group",78,"binomial","BGC","auc",TRUE,0.68
"279","ccUSA","ccUSA","group",79,"binomial","BGC","auc",TRUE,0.766666666666667
"280","ccUSA","ccUSA","group",80,"binomial","BGC","auc",TRUE,0.48
"281","ccUSA","ccUSA","group",81,"binomial","BGC","auc",TRUE,0.6
"282","ccUSA","ccUSA","group",82,"binomial","BGC","auc",TRUE,0.4
"283","ccUSA","ccUSA","group",83,"binomial","BGC","auc",TRUE,0.766666666666667
"284","ccUSA","ccUSA","group",84,"binomial","BGC","auc",TRUE,0.8
"285","ccUSA","ccUSA","group",85,"binomial","BGC","auc",TRUE,0.466666666666667
"286","ccUSA","ccUSA","group",86,"binomial","BGC","auc",TRUE,0.366666666666667
"287","ccUSA","ccUSA","group",87,"binomial","BGC","auc",TRUE,0.8
"288","ccUSA","ccUSA","group",88,"binomial","BGC","auc",TRUE,0.32
"289","ccUSA","ccUSA","group",89,"binomial","BGC","auc",TRUE,0.84
"290","ccUSA","ccUSA","group",90,"binomial","BGC","auc",TRUE,0.28
"291","ccUSA","ccUSA","group",91,"binomial","BGC","auc",TRUE,0.633333333333333
"292","ccUSA","ccUSA","group",92,"binomial","BGC","auc",TRUE,0.44
"293","ccUSA","ccUSA","group",93,"binomial","BGC","auc",TRUE,1
"294","ccUSA","ccUSA","group",94,"binomial","BGC","auc",TRUE,0.28
"295","ccUSA","ccUSA","group",95,"binomial","BGC","auc",TRUE,0.32
"296","ccUSA","ccUSA","group",96,"binomial","BGC","auc",TRUE,0.7
"297","ccUSA","ccUSA","group",97,"binomial","BGC","auc",TRUE,0.28
"298","ccUSA","ccUSA","group",98,"binomial","BGC","auc",TRUE,0.6
"299","ccUSA","ccUSA","group",99,"binomial","BGC","auc",TRUE,0.52
"300","ccUSA","ccUSA","group",100,"binomial","BGC","auc",TRUE,0.68
"301","ccAustria","ccChina","group",1,"binomial","BGC","auc",TRUE,0.776276276276276
"302","ccAustria","ccUSA","group",1,"binomial","BGC","auc",TRUE,0.689534023668639
"303","ccAustria","ccChina","group",2,"binomial","BGC","auc",TRUE,0.692442442442442
"304","ccAustria","ccUSA","group",2,"binomial","BGC","auc",TRUE,0.590236686390533
"305","ccAustria","ccChina","group",3,"binomial","BGC","auc",TRUE,0.797547547547548
"306","ccAustria","ccUSA","group",3,"binomial","BGC","auc",TRUE,0.682137573964497
"307","ccAustria","ccChina","group",4,"binomial","BGC","auc",TRUE,0.766016016016016
"308","ccAustria","ccUSA","group",4,"binomial","BGC","auc",TRUE,0.643676035502959
"309","ccAustria","ccChina","group",5,"binomial","BGC","auc",FALSE,0.5
"310","ccAustria","ccUSA","group",5,"binomial","BGC","auc",TRUE,0.590236686390533
"311","ccAustria","ccChina","group",6,"binomial","BGC","auc",FALSE,0.5
"312","ccAustria","ccUSA","group",6,"binomial","BGC","auc",TRUE,0.638128698224852
"313","ccAustria","ccChina","group",7,"binomial","BGC","auc",FALSE,0.5
"314","ccAustria","ccUSA","group",7,"binomial","BGC","auc",TRUE,0.630547337278107
"315","ccAustria","ccChina","group",8,"binomial","BGC","auc",FALSE,0.5
"316","ccAustria","ccUSA","group",8,"binomial","BGC","auc",TRUE,0.590236686390533
"317","ccAustria","ccChina","group",9,"binomial","BGC","auc",TRUE,0.789289289289289
"318","ccAustria","ccUSA","group",9,"binomial","BGC","auc",TRUE,0.660318047337278
"319","ccAustria","ccChina","group",10,"binomial","BGC","auc",TRUE,0.781781781781782
"320","ccAustria","ccUSA","group",10,"binomial","BGC","auc",FALSE,0.5
"321","ccAustria","ccChina","group",11,"binomial","BGC","auc",FALSE,0.5
"322","ccAustria","ccUSA","group",11,"binomial","BGC","auc",FALSE,0.5
"323","ccAustria","ccChina","group",12,"binomial","BGC","auc",TRUE,0.692442442442442
"324","ccAustria","ccUSA","group",12,"binomial","BGC","auc",TRUE,0.590236686390533
"325","ccAustria","ccChina","group",13,"binomial","BGC","auc",TRUE,0.692442442442442
"326","ccAustria","ccUSA","group",13,"binomial","BGC","auc",TRUE,0.590236686390533
"327","ccAustria","ccChina","group",14,"binomial","BGC","auc",TRUE,0.786786786786787
"328","ccAustria","ccUSA","group",14,"binomial","BGC","auc",TRUE,0.726331360946746
"329","ccAustria","ccChina","group",15,"binomial","BGC","auc",TRUE,0.775275275275275
"330","ccAustria","ccUSA","group",15,"binomial","BGC","auc",TRUE,0.590236686390533
"331","ccAustria","ccChina","group",16,"binomial","BGC","auc",FALSE,0.5
"332","ccAustria","ccUSA","group",16,"binomial","BGC","auc",TRUE,0.590236686390533
"333","ccAustria","ccChina","group",17,"binomial","BGC","auc",FALSE,0.5
"334","ccAustria","ccUSA","group",17,"binomial","BGC","auc",TRUE,0.629068047337278
"335","ccAustria","ccChina","group",18,"binomial","BGC","auc",TRUE,0.692442442442442
"336","ccAustria","ccUSA","group",18,"binomial","BGC","auc",TRUE,0.590236686390533
"337","ccAustria","ccChina","group",19,"binomial","BGC","auc",FALSE,0.5
"338","ccAustria","ccUSA","group",19,"binomial","BGC","auc",FALSE,0.5
"339","ccAustria","ccChina","group",20,"binomial","BGC","auc",FALSE,0.5
"340","ccAustria","ccUSA","group",20,"binomial","BGC","auc",TRUE,0.629437869822485
"341","ccAustria","ccChina","group",21,"binomial","BGC","auc",FALSE,0.5
"342","ccAustria","ccUSA","group",21,"binomial","BGC","auc",FALSE,0.5
"343","ccAustria","ccChina","group",22,"binomial","BGC","auc",TRUE,0.692442442442442
"344","ccAustria","ccUSA","group",22,"binomial","BGC","auc",FALSE,0.5
"345","ccAustria","ccChina","group",23,"binomial","BGC","auc",TRUE,0.692442442442442
"346","ccAustria","ccUSA","group",23,"binomial","BGC","auc",TRUE,0.629437869822485
"347","ccAustria","ccChina","group",24,"binomial","BGC","auc",FALSE,0.5
"348","ccAustria","ccUSA","group",24,"binomial","BGC","auc",TRUE,0.630547337278107
"349","ccAustria","ccChina","group",25,"binomial","BGC","auc",TRUE,0.765015015015015
"350","ccAustria","ccUSA","group",25,"binomial","BGC","auc",TRUE,0.590236686390533
"351","ccAustria","ccChina","group",26,"binomial","BGC","auc",TRUE,0.766266266266266
"352","ccAustria","ccUSA","group",26,"binomial","BGC","auc",TRUE,0.590236686390533
"353","ccAustria","ccChina","group",27,"binomial","BGC","auc",TRUE,0.754254254254254
"354","ccAustria","ccUSA","group",27,"binomial","BGC","auc",TRUE,0.731139053254438
"355","ccAustria","ccChina","group",28,"binomial","BGC","auc",TRUE,0.692442442442442
"356","ccAustria","ccUSA","group",28,"binomial","BGC","auc",TRUE,0.590236686390533
"357","ccAustria","ccChina","group",29,"binomial","BGC","auc",TRUE,0.773273273273273
"358","ccAustria","ccUSA","group",29,"binomial","BGC","auc",TRUE,0.65310650887574
"359","ccAustria","ccChina","group",30,"binomial","BGC","auc",FALSE,0.5
"360","ccAustria","ccUSA","group",30,"binomial","BGC","auc",FALSE,0.5
"361","ccAustria","ccChina","group",31,"binomial","BGC","auc",TRUE,0.764014014014014
"362","ccAustria","ccUSA","group",31,"binomial","BGC","auc",FALSE,0.5
"363","ccAustria","ccChina","group",32,"binomial","BGC","auc",TRUE,0.765515515515516
"364","ccAustria","ccUSA","group",32,"binomial","BGC","auc",TRUE,0.713387573964497
"365","ccAustria","ccChina","group",33,"binomial","BGC","auc",TRUE,0.692442442442442
"366","ccAustria","ccUSA","group",33,"binomial","BGC","auc",TRUE,0.643306213017751
"367","ccAustria","ccChina","group",34,"binomial","BGC","auc",FALSE,0.5
"368","ccAustria","ccUSA","group",34,"binomial","BGC","auc",TRUE,0.590236686390533
"369","ccAustria","ccChina","group",35,"binomial","BGC","auc",TRUE,0.772772772772773
"370","ccAustria","ccUSA","group",35,"binomial","BGC","auc",TRUE,0.688609467455621
"371","ccAustria","ccChina","group",36,"binomial","BGC","auc",TRUE,0.766516516516517
"372","ccAustria","ccUSA","group",36,"binomial","BGC","auc",TRUE,0.643676035502959
"373","ccAustria","ccChina","group",37,"binomial","BGC","auc",FALSE,0.5
"374","ccAustria","ccUSA","group",37,"binomial","BGC","auc",TRUE,0.699889053254438
"375","ccAustria","ccChina","group",38,"binomial","BGC","auc",FALSE,0.5
"376","ccAustria","ccUSA","group",38,"binomial","BGC","auc",TRUE,0.67603550295858
"377","ccAustria","ccChina","group",39,"binomial","BGC","auc",FALSE,0.5
"378","ccAustria","ccUSA","group",39,"binomial","BGC","auc",TRUE,0.590236686390533
"379","ccAustria","ccChina","group",40,"binomial","BGC","auc",TRUE,0.692442442442442
"380","ccAustria","ccUSA","group",40,"binomial","BGC","auc",TRUE,0.590236686390533
"381","ccAustria","ccChina","group",41,"binomial","BGC","auc",FALSE,0.5
"382","ccAustria","ccUSA","group",41,"binomial","BGC","auc",FALSE,0.5
"383","ccAustria","ccChina","group",42,"binomial","BGC","auc",TRUE,0.764014014014014
"384","ccAustria","ccUSA","group",42,"binomial","BGC","auc",TRUE,0.683062130177515
"385","ccAustria","ccChina","group",43,"binomial","BGC","auc",FALSE,0.5
"386","ccAustria","ccUSA","group",43,"binomial","BGC","auc",TRUE,0.671967455621302
"387","ccAustria","ccChina","group",44,"binomial","BGC","auc",TRUE,0.692442442442442
"388","ccAustria","ccUSA","group",44,"binomial","BGC","auc",TRUE,0.590236686390533
"389","ccAustria","ccChina","group",45,"binomial","BGC","auc",FALSE,0.5
"390","ccAustria","ccUSA","group",45,"binomial","BGC","auc",FALSE,0.5
"391","ccAustria","ccChina","group",46,"binomial","BGC","auc",TRUE,0.692442442442442
"392","ccAustria","ccUSA","group",46,"binomial","BGC","auc",TRUE,0.590236686390533
"393","ccAustria","ccChina","group",47,"binomial","BGC","auc",TRUE,0.764764764764765
"394","ccAustria","ccUSA","group",47,"binomial","BGC","auc",FALSE,0.5
"395","ccAustria","ccChina","group",48,"binomial","BGC","auc",TRUE,0.692442442442442
"396","ccAustria","ccUSA","group",48,"binomial","BGC","auc",TRUE,0.629437869822485
"397","ccAustria","ccChina","group",49,"binomial","BGC","auc",TRUE,0.692442442442442
"398","ccAustria","ccUSA","group",49,"binomial","BGC","auc",TRUE,0.630177514792899
"399","ccAustria","ccChina","group",50,"binomial","BGC","auc",TRUE,0.781781781781782
"400","ccAustria","ccUSA","group",50,"binomial","BGC","auc",TRUE,0.725591715976331
"401","ccAustria","ccChina","group",51,"binomial","BGC","auc",TRUE,0.769394394394394
"402","ccAustria","ccUSA","group",51,"binomial","BGC","auc",TRUE,0.629807692307692
"403","ccAustria","ccChina","group",52,"binomial","BGC","auc",FALSE,0.5
"404","ccAustria","ccUSA","group",52,"binomial","BGC","auc",TRUE,0.637019230769231
"405","ccAustria","ccChina","group",53,"binomial","BGC","auc",TRUE,0.766266266266266
"406","ccAustria","ccUSA","group",53,"binomial","BGC","auc",TRUE,0.632026627218935
"407","ccAustria","ccChina","group",54,"binomial","BGC","auc",TRUE,0.692442442442442
"408","ccAustria","ccUSA","group",54,"binomial","BGC","auc",TRUE,0.590236686390533
"409","ccAustria","ccChina","group",55,"binomial","BGC","auc",TRUE,0.692442442442442
"410","ccAustria","ccUSA","group",55,"binomial","BGC","auc",TRUE,0.64219674556213
"411","ccAustria","ccChina","group",56,"binomial","BGC","auc",TRUE,0.692442442442442
"412","ccAustria","ccUSA","group",56,"binomial","BGC","auc",TRUE,0.668454142011834
"413","ccAustria","ccChina","group",57,"binomial","BGC","auc",TRUE,0.781031031031031
"414","ccAustria","ccUSA","group",57,"binomial","BGC","auc",TRUE,0.696745562130177
"415","ccAustria","ccChina","group",58,"binomial","BGC","auc",TRUE,0.692442442442442
"416","ccAustria","ccUSA","group",58,"binomial","BGC","auc",TRUE,0.590236686390533
"417","ccAustria","ccChina","group",59,"binomial","BGC","auc",TRUE,0.764264264264264
"418","ccAustria","ccUSA","group",59,"binomial","BGC","auc",TRUE,0.590236686390533
"419","ccAustria","ccChina","group",60,"binomial","BGC","auc",FALSE,0.5
"420","ccAustria","ccUSA","group",60,"binomial","BGC","auc",TRUE,0.590236686390533
"421","ccAustria","ccChina","group",61,"binomial","BGC","auc",TRUE,0.741241241241241
"422","ccAustria","ccUSA","group",61,"binomial","BGC","auc",FALSE,0.5
"423","ccAustria","ccChina","group",62,"binomial","BGC","auc",FALSE,0.5
"424","ccAustria","ccUSA","group",62,"binomial","BGC","auc",FALSE,0.5
"425","ccAustria","ccChina","group",63,"binomial","BGC","auc",TRUE,0.692442442442442
"426","ccAustria","ccUSA","group",63,"binomial","BGC","auc",FALSE,0.5
"427","ccAustria","ccChina","group",64,"binomial","BGC","auc",FALSE,0.5
"428","ccAustria","ccUSA","group",64,"binomial","BGC","auc",FALSE,0.5
"429","ccAustria","ccChina","group",65,"binomial","BGC","auc",TRUE,0.778278278278278
"430","ccAustria","ccUSA","group",65,"binomial","BGC","auc",TRUE,0.657174556213018
"431","ccAustria","ccChina","group",66,"binomial","BGC","auc",TRUE,0.692442442442442
"432","ccAustria","ccUSA","group",66,"binomial","BGC","auc",TRUE,0.590236686390533
"433","ccAustria","ccChina","group",67,"binomial","BGC","auc",FALSE,0.5
"434","ccAustria","ccUSA","group",67,"binomial","BGC","auc",FALSE,0.5
"435","ccAustria","ccChina","group",68,"binomial","BGC","auc",TRUE,0.692442442442442
"436","ccAustria","ccUSA","group",68,"binomial","BGC","auc",FALSE,0.5
"437","ccAustria","ccChina","group",69,"binomial","BGC","auc",FALSE,0.5
"438","ccAustria","ccUSA","group",69,"binomial","BGC","auc",TRUE,0.629437869822485
"439","ccAustria","ccChina","group",70,"binomial","BGC","auc",TRUE,0.692442442442442
"440","ccAustria","ccUSA","group",70,"binomial","BGC","auc",TRUE,0.629807692307692
"441","ccAustria","ccChina","group",71,"binomial","BGC","auc",TRUE,0.766766766766767
"442","ccAustria","ccUSA","group",71,"binomial","BGC","auc",TRUE,0.703957100591716
"443","ccAustria","ccChina","group",72,"binomial","BGC","auc",FALSE,0.5
"444","ccAustria","ccUSA","group",72,"binomial","BGC","auc",FALSE,0.5
"445","ccAustria","ccChina","group",73,"binomial","BGC","auc",TRUE,0.692442442442442
"446","ccAustria","ccUSA","group",73,"binomial","BGC","auc",TRUE,0.590236686390533
"447","ccAustria","ccChina","group",74,"binomial","BGC","auc",FALSE,0.5
"448","ccAustria","ccUSA","group",74,"binomial","BGC","auc",FALSE,0.5
"449","ccAustria","ccChina","group",75,"binomial","BGC","auc",TRUE,0.776526526526527
"450","ccAustria","ccUSA","group",75,"binomial","BGC","auc",TRUE,0.698224852071006
"451","ccAustria","ccChina","group",76,"binomial","BGC","auc",TRUE,0.777277277277277
"452","ccAustria","ccUSA","group",76,"binomial","BGC","auc",TRUE,0.630547337278107
"453","ccAustria","ccChina","group",77,"binomial","BGC","auc",TRUE,0.692442442442442
"454","ccAustria","ccUSA","group",77,"binomial","BGC","auc",TRUE,0.590236686390533
"455","ccAustria","ccChina","group",78,"binomial","BGC","auc",TRUE,0.781281281281281
"456","ccAustria","ccUSA","group",78,"binomial","BGC","auc",TRUE,0.67862426035503
"457","ccAustria","ccChina","group",79,"binomial","BGC","auc",TRUE,0.76001001001001
"458","ccAustria","ccUSA","group",79,"binomial","BGC","auc",FALSE,0.5
"459","ccAustria","ccChina","group",80,"binomial","BGC","auc",TRUE,0.692442442442442
"460","ccAustria","ccUSA","group",80,"binomial","BGC","auc",TRUE,0.590236686390533
"461","ccAustria","ccChina","group",81,"binomial","BGC","auc",TRUE,0.77515015015015
"462","ccAustria","ccUSA","group",81,"binomial","BGC","auc",TRUE,0.640347633136095
"463","ccAustria","ccChina","group",82,"binomial","BGC","auc",TRUE,0.782157157157157
"464","ccAustria","ccUSA","group",82,"binomial","BGC","auc",FALSE,0.5
"465","ccAustria","ccChina","group",83,"binomial","BGC","auc",TRUE,0.795670670670671
"466","ccAustria","ccUSA","group",83,"binomial","BGC","auc",TRUE,0.679363905325444
"467","ccAustria","ccChina","group",84,"binomial","BGC","auc",FALSE,0.5
"468","ccAustria","ccUSA","group",84,"binomial","BGC","auc",FALSE,0.5
"469","ccAustria","ccChina","group",85,"binomial","BGC","auc",TRUE,0.692442442442442
"470","ccAustria","ccUSA","group",85,"binomial","BGC","auc",FALSE,0.5
"471","ccAustria","ccChina","group",86,"binomial","BGC","auc",TRUE,0.692442442442442
"472","ccAustria","ccUSA","group",86,"binomial","BGC","auc",FALSE,0.5
"473","ccAustria","ccChina","group",87,"binomial","BGC","auc",TRUE,0.763763763763764
"474","ccAustria","ccUSA","group",87,"binomial","BGC","auc",TRUE,0.638128698224852
"475","ccAustria","ccChina","group",88,"binomial","BGC","auc",TRUE,0.768268268268268
"476","ccAustria","ccUSA","group",88,"binomial","BGC","auc",TRUE,0.674926035502959
"477","ccAustria","ccChina","group",89,"binomial","BGC","auc",FALSE,0.5
"478","ccAustria","ccUSA","group",89,"binomial","BGC","auc",FALSE,0.5
"479","ccAustria","ccChina","group",90,"binomial","BGC","auc",TRUE,0.692442442442442
"480","ccAustria","ccUSA","group",90,"binomial","BGC","auc",TRUE,0.707100591715976
"481","ccAustria","ccChina","group",91,"binomial","BGC","auc",FALSE,0.5
"482","ccAustria","ccUSA","group",91,"binomial","BGC","auc",FALSE,0.5
"483","ccAustria","ccChina","group",92,"binomial","BGC","auc",FALSE,0.5
"484","ccAustria","ccUSA","group",92,"binomial","BGC","auc",FALSE,0.5
"485","ccAustria","ccChina","group",93,"binomial","BGC","auc",TRUE,0.762012012012012
"486","ccAustria","ccUSA","group",93,"binomial","BGC","auc",TRUE,0.667899408284024
"487","ccAustria","ccChina","group",94,"binomial","BGC","auc",TRUE,0.766266266266266
"488","ccAustria","ccUSA","group",94,"binomial","BGC","auc",TRUE,0.630177514792899
"489","ccAustria","ccChina","group",95,"binomial","BGC","auc",TRUE,0.764764764764765
"490","ccAustria","ccUSA","group",95,"binomial","BGC","auc",TRUE,0.590236686390533
"491","ccAustria","ccChina","group",96,"binomial","BGC","auc",TRUE,0.775025025025025
"492","ccAustria","ccUSA","group",96,"binomial","BGC","auc",TRUE,0.593195266272189
"493","ccAustria","ccChina","group",97,"binomial","BGC","auc",FALSE,0.5
"494","ccAustria","ccUSA","group",97,"binomial","BGC","auc",TRUE,0.590236686390533
"495","ccAustria","ccChina","group",98,"binomial","BGC","auc",TRUE,0.804804804804805
"496","ccAustria","ccUSA","group",98,"binomial","BGC","auc",TRUE,0.677514792899408
"497","ccAustria","ccChina","group",99,"binomial","BGC","auc",FALSE,0.5
"498","ccAustria","ccUSA","group",99,"binomial","BGC","auc",TRUE,0.687684911242604
"499","ccAustria","ccChina","group",100,"binomial","BGC","auc",TRUE,0.692442442442442
"500","ccAustria","ccUSA","group",100,"binomial","BGC","auc",TRUE,0.590236686390533
"501","ccChina","ccAustria","group",1,"binomial","BGC","auc",TRUE,0.595238095238095
"502","ccChina","ccUSA","group",1,"binomial","BGC","auc",TRUE,0.593565088757396
"503","ccChina","ccAustria","group",2,"binomial","BGC","auc",FALSE,0.5
"504","ccChina","ccUSA","group",2,"binomial","BGC","auc",FALSE,0.5
"505","ccChina","ccAustria","group",3,"binomial","BGC","auc",TRUE,0.693236714975845
"506","ccChina","ccUSA","group",3,"binomial","BGC","auc",TRUE,0.617233727810651
"507","ccChina","ccAustria","group",4,"binomial","BGC","auc",TRUE,0.593857832988268
"508","ccChina","ccUSA","group",4,"binomial","BGC","auc",TRUE,0.577292899408284
"509","ccChina","ccAustria","group",5,"binomial","BGC","auc",TRUE,0.62663906142167
"510","ccChina","ccUSA","group",5,"binomial","BGC","auc",TRUE,0.624630177514793
"511","ccChina","ccAustria","group",6,"binomial","BGC","auc",TRUE,0.657349896480331
"512","ccChina","ccUSA","group",6,"binomial","BGC","auc",TRUE,0.666050295857988
"513","ccChina","ccAustria","group",7,"binomial","BGC","auc",TRUE,0.663561076604555
"514","ccChina","ccUSA","group",7,"binomial","BGC","auc",TRUE,0.628698224852071
"515","ccChina","ccAustria","group",8,"binomial","BGC","auc",TRUE,0.610075914423741
"516","ccChina","ccUSA","group",8,"binomial","BGC","auc",TRUE,0.671597633136095
"517","ccChina","ccAustria","group",9,"binomial","BGC","auc",TRUE,0.657349896480331
"518","ccChina","ccUSA","group",9,"binomial","BGC","auc",TRUE,0.645340236686391
"519","ccChina","ccAustria","group",10,"binomial","BGC","auc",TRUE,0.666666666666667
"520","ccChina","ccUSA","group",10,"binomial","BGC","auc",TRUE,0.636094674556213
"521","ccChina","ccAustria","group",11,"binomial","BGC","auc",TRUE,0.628019323671498
"522","ccChina","ccUSA","group",11,"binomial","BGC","auc",TRUE,0.623520710059172
"523","ccChina","ccAustria","group",12,"binomial","BGC","auc",TRUE,0.681504485852312
"524","ccChina","ccUSA","group",12,"binomial","BGC","auc",TRUE,0.693047337278107
"525","ccChina","ccAustria","group",13,"binomial","BGC","auc",TRUE,0.657004830917874
"526","ccChina","ccUSA","group",13,"binomial","BGC","auc",FALSE,0.5
"527","ccChina","ccAustria","group",14,"binomial","BGC","auc",TRUE,0.611801242236025
"528","ccChina","ccUSA","group",14,"binomial","BGC","auc",TRUE,0.559541420118343
"529","ccChina","ccAustria","group",15,"binomial","BGC","auc",TRUE,0.624913733609386
"530","ccChina","ccUSA","group",15,"binomial","BGC","auc",TRUE,0.604659763313609
"531","ccChina","ccAustria","group",16,"binomial","BGC","auc",TRUE,0.552795031055901
"532","ccChina","ccUSA","group",16,"binomial","BGC","auc",FALSE,0.5
"533","ccChina","ccAustria","group",17,"binomial","BGC","auc",TRUE,0.644927536231884
"534","ccChina","ccUSA","group",17,"binomial","BGC","auc",TRUE,0.640532544378698
"535","ccChina","ccAustria","group",18,"binomial","BGC","auc",TRUE,0.684610075914424
"536","ccChina","ccUSA","group",18,"binomial","BGC","auc",TRUE,0.696745562130177
"537","ccChina","ccAustria","group",19,"binomial","BGC","auc",TRUE,0.641476880607315
"538","ccChina","ccUSA","group",19,"binomial","BGC","auc",TRUE,0.642751479289941
"539","ccChina","ccAustria","group",20,"binomial","BGC","auc",TRUE,0.648033126293996
"540","ccChina","ccUSA","group",20,"binomial","BGC","auc",TRUE,0.568047337278107
"541","ccChina","ccAustria","group",21,"binomial","BGC","auc",TRUE,0.627329192546584
"542","ccChina","ccUSA","group",21,"binomial","BGC","auc",TRUE,0.633136094674556
"543","ccChina","ccAustria","group",22,"binomial","BGC","auc",FALSE,0.5
"544","ccChina","ccUSA","group",22,"binomial","BGC","auc",FALSE,0.5
"545","ccChina","ccAustria","group",23,"binomial","BGC","auc",FALSE,0.5
"546","ccChina","ccUSA","group",23,"binomial","BGC","auc",FALSE,0.5
"547","ccChina","ccAustria","group",24,"binomial","BGC","auc",TRUE,0.664941338854382
"548","ccChina","ccUSA","group",24,"binomial","BGC","auc",TRUE,0.658284023668639
"549","ccChina","ccAustria","group",25,"binomial","BGC","auc",TRUE,0.667701863354037
"550","ccChina","ccUSA","group",25,"binomial","BGC","auc",TRUE,0.636834319526627
"551","ccChina","ccAustria","group",26,"binomial","BGC","auc",TRUE,0.530020703933747
"552","ccChina","ccUSA","group",26,"binomial","BGC","auc",TRUE,0.629437869822485
"553","ccChina","ccAustria","group",27,"binomial","BGC","auc",TRUE,0.605244996549344
"554","ccChina","ccUSA","group",27,"binomial","BGC","auc",TRUE,0.62241124260355
"555","ccChina","ccAustria","group",28,"binomial","BGC","auc",TRUE,0.64423740510697
"556","ccChina","ccUSA","group",28,"binomial","BGC","auc",TRUE,0.625
"557","ccChina","ccAustria","group",29,"binomial","BGC","auc",TRUE,0.650793650793651
"558","ccChina","ccUSA","group",29,"binomial","BGC","auc",TRUE,0.625
"559","ccChina","ccAustria","group",30,"binomial","BGC","auc",FALSE,0.5
"560","ccChina","ccUSA","group",30,"binomial","BGC","auc",TRUE,0.637573964497041
"561","ccChina","ccAustria","group",31,"binomial","BGC","auc",FALSE,0.5
"562","ccChina","ccUSA","group",31,"binomial","BGC","auc",TRUE,0.55991124260355
"563","ccChina","ccAustria","group",32,"binomial","BGC","auc",TRUE,0.642857142857143
"564","ccChina","ccUSA","group",32,"binomial","BGC","auc",TRUE,0.61612426035503
"565","ccChina","ccAustria","group",33,"binomial","BGC","auc",TRUE,0.615251897860594
"566","ccChina","ccUSA","group",33,"binomial","BGC","auc",TRUE,0.583579881656805
"567","ccChina","ccAustria","group",34,"binomial","BGC","auc",TRUE,0.641821946169772
"568","ccChina","ccUSA","group",34,"binomial","BGC","auc",FALSE,0.5
"569","ccChina","ccAustria","group",35,"binomial","BGC","auc",TRUE,0.719806763285024
"570","ccChina","ccUSA","group",35,"binomial","BGC","auc",TRUE,0.687130177514793
"571","ccChina","ccAustria","group",36,"binomial","BGC","auc",TRUE,0.65527950310559
"572","ccChina","ccUSA","group",36,"binomial","BGC","auc",TRUE,0.689718934911243
"573","ccChina","ccAustria","group",37,"binomial","BGC","auc",TRUE,0.707729468599034
"574","ccChina","ccUSA","group",37,"binomial","BGC","auc",TRUE,0.664201183431953
"575","ccChina","ccAustria","group",38,"binomial","BGC","auc",FALSE,0.5
"576","ccChina","ccUSA","group",38,"binomial","BGC","auc",FALSE,0.5
"577","ccChina","ccAustria","group",39,"binomial","BGC","auc",TRUE,0.633885438233264
"578","ccChina","ccUSA","group",39,"binomial","BGC","auc",TRUE,0.594674556213018
"579","ccChina","ccAustria","group",40,"binomial","BGC","auc",TRUE,0.614906832298137
"580","ccChina","ccUSA","group",40,"binomial","BGC","auc",TRUE,0.595044378698225
"581","ccChina","ccAustria","group",41,"binomial","BGC","auc",TRUE,0.658385093167702
"582","ccChina","ccUSA","group",41,"binomial","BGC","auc",TRUE,0.637573964497041
"583","ccChina","ccAustria","group",42,"binomial","BGC","auc",TRUE,0.653554175293306
"584","ccChina","ccUSA","group",42,"binomial","BGC","auc",TRUE,0.634245562130177
"585","ccChina","ccAustria","group",43,"binomial","BGC","auc",TRUE,0.645272601794341
"586","ccChina","ccUSA","group",43,"binomial","BGC","auc",TRUE,0.544748520710059
"587","ccChina","ccAustria","group",44,"binomial","BGC","auc",TRUE,0.600414078674948
"588","ccChina","ccUSA","group",44,"binomial","BGC","auc",TRUE,0.593565088757396
"589","ccChina","ccAustria","group",45,"binomial","BGC","auc",FALSE,0.5
"590","ccChina","ccUSA","group",45,"binomial","BGC","auc",FALSE,0.5
"591","ccChina","ccAustria","group",46,"binomial","BGC","auc",FALSE,0.5
"592","ccChina","ccUSA","group",46,"binomial","BGC","auc",TRUE,0.592455621301775
"593","ccChina","ccAustria","group",47,"binomial","BGC","auc",TRUE,0.64423740510697
"594","ccChina","ccUSA","group",47,"binomial","BGC","auc",TRUE,0.703772189349112
"595","ccChina","ccAustria","group",48,"binomial","BGC","auc",TRUE,0.652173913043478
"596","ccChina","ccUSA","group",48,"binomial","BGC","auc",FALSE,0.5
"597","ccChina","ccAustria","group",49,"binomial","BGC","auc",TRUE,0.717736369910283
"598","ccChina","ccUSA","group",49,"binomial","BGC","auc",TRUE,0.694156804733728
"599","ccChina","ccAustria","group",50,"binomial","BGC","auc",TRUE,0.638371290545204
"600","ccChina","ccUSA","group",50,"binomial","BGC","auc",TRUE,0.629437869822485
"601","ccChina","ccAustria","group",51,"binomial","BGC","auc",TRUE,0.658730158730159
"602","ccChina","ccUSA","group",51,"binomial","BGC","auc",TRUE,0.678994082840237
"603","ccChina","ccAustria","group",52,"binomial","BGC","auc",TRUE,0.56832298136646
"604","ccChina","ccUSA","group",52,"binomial","BGC","auc",TRUE,0.623890532544379
"605","ccChina","ccAustria","group",53,"binomial","BGC","auc",TRUE,0.61456176673568
"606","ccChina","ccUSA","group",53,"binomial","BGC","auc",TRUE,0.588757396449704
"607","ccChina","ccAustria","group",54,"binomial","BGC","auc",TRUE,0.643892339544513
"608","ccChina","ccUSA","group",54,"binomial","BGC","auc",TRUE,0.643860946745562
"609","ccChina","ccAustria","group",55,"binomial","BGC","auc",FALSE,0.5
"610","ccChina","ccUSA","group",55,"binomial","BGC","auc",TRUE,0.666050295857988
"611","ccChina","ccAustria","group",56,"binomial","BGC","auc",TRUE,0.661145617667357
"612","ccChina","ccUSA","group",56,"binomial","BGC","auc",FALSE,0.5
"613","ccChina","ccAustria","group",57,"binomial","BGC","auc",TRUE,0.631124913733609
"614","ccChina","ccUSA","group",57,"binomial","BGC","auc",FALSE,0.5
"615","ccChina","ccAustria","group",58,"binomial","BGC","auc",TRUE,0.633885438233264
"616","ccChina","ccUSA","group",58,"binomial","BGC","auc",TRUE,0.651257396449704
"617","ccChina","ccAustria","group",59,"binomial","BGC","auc",TRUE,0.607315389924086
"618","ccChina","ccUSA","group",59,"binomial","BGC","auc",TRUE,0.553994082840237
"619","ccChina","ccAustria","group",60,"binomial","BGC","auc",TRUE,0.612146307798482
"620","ccChina","ccUSA","group",60,"binomial","BGC","auc",TRUE,0.614644970414201
"621","ccChina","ccAustria","group",61,"binomial","BGC","auc",TRUE,0.634230503795721
"622","ccChina","ccUSA","group",61,"binomial","BGC","auc",TRUE,0.606878698224852
"623","ccChina","ccAustria","group",62,"binomial","BGC","auc",TRUE,0.665631469979296
"624","ccChina","ccUSA","group",62,"binomial","BGC","auc",TRUE,0.660872781065089
"625","ccChina","ccAustria","group",63,"binomial","BGC","auc",FALSE,0.5
"626","ccChina","ccUSA","group",63,"binomial","BGC","auc",FALSE,0.5
"627","ccChina","ccAustria","group",64,"binomial","BGC","auc",FALSE,0.5
"628","ccChina","ccUSA","group",64,"binomial","BGC","auc",FALSE,0.5
"629","ccChina","ccAustria","group",65,"binomial","BGC","auc",TRUE,0.599723947550035
"630","ccChina","ccUSA","group",65,"binomial","BGC","auc",TRUE,0.642381656804734
"631","ccChina","ccAustria","group",66,"binomial","BGC","auc",TRUE,0.669427191166322
"632","ccChina","ccUSA","group",66,"binomial","BGC","auc",TRUE,0.681952662721893
"633","ccChina","ccAustria","group",67,"binomial","BGC","auc",TRUE,0.627674258109041
"634","ccChina","ccUSA","group",67,"binomial","BGC","auc",TRUE,0.583949704142012
"635","ccChina","ccAustria","group",68,"binomial","BGC","auc",TRUE,0.642167011732229
"636","ccChina","ccUSA","group",68,"binomial","BGC","auc",TRUE,0.614275147928994
"637","ccChina","ccAustria","group",69,"binomial","BGC","auc",TRUE,0.685300207039337
"638","ccChina","ccUSA","group",69,"binomial","BGC","auc",TRUE,0.60207100591716
"639","ccChina","ccAustria","group",70,"binomial","BGC","auc",TRUE,0.583505866114562
"640","ccChina","ccUSA","group",70,"binomial","BGC","auc",TRUE,0.609467455621302
"641","ccChina","ccAustria","group",71,"binomial","BGC","auc",TRUE,0.616632160110421
"642","ccChina","ccUSA","group",71,"binomial","BGC","auc",TRUE,0.582470414201183
"643","ccChina","ccAustria","group",72,"binomial","BGC","auc",TRUE,0.69047619047619
"644","ccChina","ccUSA","group",72,"binomial","BGC","auc",TRUE,0.732618343195266
"645","ccChina","ccAustria","group",73,"binomial","BGC","auc",TRUE,0.564872325741891
"646","ccChina","ccUSA","group",73,"binomial","BGC","auc",TRUE,0.553069526627219
"647","ccChina","ccAustria","group",74,"binomial","BGC","auc",TRUE,0.637336093857833
"648","ccChina","ccUSA","group",74,"binomial","BGC","auc",TRUE,0.592825443786982
"649","ccChina","ccAustria","group",75,"binomial","BGC","auc",TRUE,0.673913043478261
"650","ccChina","ccUSA","group",75,"binomial","BGC","auc",TRUE,0.654955621301775
"651","ccChina","ccAustria","group",76,"binomial","BGC","auc",TRUE,0.684610075914424
"652","ccChina","ccUSA","group",76,"binomial","BGC","auc",TRUE,0.641272189349112
"653","ccChina","ccAustria","group",77,"binomial","BGC","auc",TRUE,0.682884748102139
"654","ccChina","ccUSA","group",77,"binomial","BGC","auc",TRUE,0.707840236686391
"655","ccChina","ccAustria","group",78,"binomial","BGC","auc",FALSE,0.5
"656","ccChina","ccUSA","group",78,"binomial","BGC","auc",TRUE,0.616494082840237
"657","ccChina","ccAustria","group",79,"binomial","BGC","auc",FALSE,0.5
"658","ccChina","ccUSA","group",79,"binomial","BGC","auc",FALSE,0.5
"659","ccChina","ccAustria","group",80,"binomial","BGC","auc",TRUE,0.628364389233954
"660","ccChina","ccUSA","group",80,"binomial","BGC","auc",TRUE,0.571745562130177
"661","ccChina","ccAustria","group",81,"binomial","BGC","auc",TRUE,0.645962732919255
"662","ccChina","ccUSA","group",81,"binomial","BGC","auc",TRUE,0.629807692307692
"663","ccChina","ccAustria","group",82,"binomial","BGC","auc",TRUE,0.698757763975155
"664","ccChina","ccUSA","group",82,"binomial","BGC","auc",FALSE,0.5
"665","ccChina","ccAustria","group",83,"binomial","BGC","auc",TRUE,0.614906832298137
"666","ccChina","ccUSA","group",83,"binomial","BGC","auc",TRUE,0.630177514792899
"667","ccChina","ccAustria","group",84,"binomial","BGC","auc",TRUE,0.529330572808834
"668","ccChina","ccUSA","group",84,"binomial","BGC","auc",TRUE,0.617973372781065
"669","ccChina","ccAustria","group",85,"binomial","BGC","auc",TRUE,0.651828847481021
"670","ccChina","ccUSA","group",85,"binomial","BGC","auc",TRUE,0.618713017751479
"671","ccChina","ccAustria","group",86,"binomial","BGC","auc",TRUE,0.631469979296066
"672","ccChina","ccUSA","group",86,"binomial","BGC","auc",TRUE,0.590236686390533
"673","ccChina","ccAustria","group",87,"binomial","BGC","auc",TRUE,0.697377501725328
"674","ccChina","ccUSA","group",87,"binomial","BGC","auc",TRUE,0.689718934911243
"675","ccChina","ccAustria","group",88,"binomial","BGC","auc",TRUE,0.685990338164251
"676","ccChina","ccUSA","group",88,"binomial","BGC","auc",TRUE,0.684171597633136
"677","ccChina","ccAustria","group",89,"binomial","BGC","auc",TRUE,0.686680469289165
"678","ccChina","ccUSA","group",89,"binomial","BGC","auc",TRUE,0.679733727810651
"679","ccChina","ccAustria","group",90,"binomial","BGC","auc",TRUE,0.622843340234645
"680","ccChina","ccUSA","group",90,"binomial","BGC","auc",TRUE,0.618713017751479
"681","ccChina","ccAustria","group",91,"binomial","BGC","auc",TRUE,0.657694962042788
"682","ccChina","ccUSA","group",91,"binomial","BGC","auc",TRUE,0.608727810650888
"683","ccChina","ccAustria","group",92,"binomial","BGC","auc",FALSE,0.5
"684","ccChina","ccUSA","group",92,"binomial","BGC","auc",FALSE,0.5
"685","ccChina","ccAustria","group",93,"binomial","BGC","auc",TRUE,0.653209109730849
"686","ccChina","ccUSA","group",93,"binomial","BGC","auc",TRUE,0.688979289940828
"687","ccChina","ccAustria","group",94,"binomial","BGC","auc",TRUE,0.641821946169772
"688","ccChina","ccUSA","group",94,"binomial","BGC","auc",TRUE,0.629807692307692
"689","ccChina","ccAustria","group",95,"binomial","BGC","auc",TRUE,0.606280193236715
"690","ccChina","ccUSA","group",95,"binomial","BGC","auc",TRUE,0.602440828402367
"691","ccChina","ccAustria","group",96,"binomial","BGC","auc",TRUE,0.652173913043478
"692","ccChina","ccUSA","group",96,"binomial","BGC","auc",TRUE,0.59689349112426
"693","ccChina","ccAustria","group",97,"binomial","BGC","auc",TRUE,0.645617667356798
"694","ccChina","ccUSA","group",97,"binomial","BGC","auc",FALSE,0.5
"695","ccChina","ccAustria","group",98,"binomial","BGC","auc",FALSE,0.5
"696","ccChina","ccUSA","group",98,"binomial","BGC","auc",FALSE,0.5
"697","ccChina","ccAustria","group",99,"binomial","BGC","auc",TRUE,0.63216011042098
"698","ccChina","ccUSA","group",99,"binomial","BGC","auc",TRUE,0.64792899408284
"699","ccChina","ccAustria","group",100,"binomial","BGC","auc",TRUE,0.672187715665977
"700","ccChina","ccUSA","group",100,"binomial","BGC","auc",TRUE,0.693417159763314
"701","ccUSA","ccAustria","group",1,"binomial","BGC","auc",TRUE,0.64423740510697
"702","ccUSA","ccChina","group",1,"binomial","BGC","auc",TRUE,0.768518518518518
"703","ccUSA","ccAustria","group",2,"binomial","BGC","auc",TRUE,0.682539682539683
"704","ccUSA","ccChina","group",2,"binomial","BGC","auc",TRUE,0.735485485485486
"705","ccUSA","ccAustria","group",3,"binomial","BGC","auc",TRUE,0.623188405797101
"706","ccUSA","ccChina","group",3,"binomial","BGC","auc",TRUE,0.767517517517518
"707","ccUSA","ccAustria","group",4,"binomial","BGC","auc",TRUE,0.717391304347826
"708","ccUSA","ccChina","group",4,"binomial","BGC","auc",TRUE,0.789289289289289
"709","ccUSA","ccAustria","group",5,"binomial","BGC","auc",TRUE,0.701173222912353
"710","ccUSA","ccChina","group",5,"binomial","BGC","auc",TRUE,0.79004004004004
"711","ccUSA","ccAustria","group",6,"binomial","BGC","auc",TRUE,0.734644582470669
"712","ccUSA","ccChina","group",6,"binomial","BGC","auc",TRUE,0.757007007007007
"713","ccUSA","ccAustria","group",7,"binomial","BGC","auc",TRUE,0.633540372670807
"714","ccUSA","ccChina","group",7,"binomial","BGC","auc",TRUE,0.691691691691692
"715","ccUSA","ccAustria","group",8,"binomial","BGC","auc",TRUE,0.763630089717046
"716","ccUSA","ccChina","group",8,"binomial","BGC","auc",TRUE,0.711461461461461
"717","ccUSA","ccAustria","group",9,"binomial","BGC","auc",TRUE,0.749482401656315
"718","ccUSA","ccChina","group",9,"binomial","BGC","auc",TRUE,0.81956956956957
"719","ccUSA","ccAustria","group",10,"binomial","BGC","auc",TRUE,0.783643892339545
"720","ccUSA","ccChina","group",10,"binomial","BGC","auc",TRUE,0.801301301301301
"721","ccUSA","ccAustria","group",11,"binomial","BGC","auc",TRUE,0.751552795031056
"722","ccUSA","ccChina","group",11,"binomial","BGC","auc",TRUE,0.780530530530531
"723","ccUSA","ccAustria","group",12,"binomial","BGC","auc",TRUE,0.763630089717046
"724","ccUSA","ccChina","group",12,"binomial","BGC","auc",TRUE,0.740490490490491
"725","ccUSA","ccAustria","group",13,"binomial","BGC","auc",TRUE,0.704968944099379
"726","ccUSA","ccChina","group",13,"binomial","BGC","auc",TRUE,0.795795795795796
"727","ccUSA","ccAustria","group",14,"binomial","BGC","auc",TRUE,0.722222222222222
"728","ccUSA","ccChina","group",14,"binomial","BGC","auc",TRUE,0.773398398398398
"729","ccUSA","ccAustria","group",15,"binomial","BGC","auc",TRUE,0.724982746721877
"730","ccUSA","ccChina","group",15,"binomial","BGC","auc",TRUE,0.785285285285285
"731","ccUSA","ccAustria","group",16,"binomial","BGC","auc",TRUE,0.699447895100069
"732","ccUSA","ccChina","group",16,"binomial","BGC","auc",TRUE,0.795795795795796
"733","ccUSA","ccAustria","group",17,"binomial","BGC","auc",TRUE,0.622153209109731
"734","ccUSA","ccChina","group",17,"binomial","BGC","auc",TRUE,0.806056056056056
"735","ccUSA","ccAustria","group",18,"binomial","BGC","auc",TRUE,0.664251207729469
"736","ccUSA","ccChina","group",18,"binomial","BGC","auc",TRUE,0.742742742742743
"737","ccUSA","ccAustria","group",19,"binomial","BGC","auc",TRUE,0.70703933747412
"738","ccUSA","ccChina","group",19,"binomial","BGC","auc",TRUE,0.707207207207207
"739","ccUSA","ccAustria","group",20,"binomial","BGC","auc",TRUE,0.726708074534162
"740","ccUSA","ccChina","group",20,"binomial","BGC","auc",TRUE,0.802802802802803
"741","ccUSA","ccAustria","group",21,"binomial","BGC","auc",TRUE,0.736024844720497
"742","ccUSA","ccChina","group",21,"binomial","BGC","auc",TRUE,0.807557557557558
"743","ccUSA","ccAustria","group",22,"binomial","BGC","auc",TRUE,0.71256038647343
"744","ccUSA","ccChina","group",22,"binomial","BGC","auc",TRUE,0.727477477477477
"745","ccUSA","ccAustria","group",23,"binomial","BGC","auc",TRUE,0.746376811594203
"746","ccUSA","ccChina","group",23,"binomial","BGC","auc",TRUE,0.783533533533533
"747","ccUSA","ccAustria","group",24,"binomial","BGC","auc",TRUE,0.726363008971705
"748","ccUSA","ccChina","group",24,"binomial","BGC","auc",TRUE,0.71021021021021
"749","ccUSA","ccAustria","group",25,"binomial","BGC","auc",TRUE,0.705659075224293
"750","ccUSA","ccChina","group",25,"binomial","BGC","auc",TRUE,0.78003003003003
"751","ccUSA","ccAustria","group",26,"binomial","BGC","auc",TRUE,0.75224292615597
"752","ccUSA","ccChina","group",26,"binomial","BGC","auc",TRUE,0.800800800800801
"753","ccUSA","ccAustria","group",27,"binomial","BGC","auc",TRUE,0.71256038647343
"754","ccUSA","ccChina","group",27,"binomial","BGC","auc",TRUE,0.786036036036036
"755","ccUSA","ccAustria","group",28,"binomial","BGC","auc",TRUE,0.736024844720497
"756","ccUSA","ccChina","group",28,"binomial","BGC","auc",TRUE,0.793793793793794
"757","ccUSA","ccAustria","group",29,"binomial","BGC","auc",TRUE,0.628364389233954
"758","ccUSA","ccChina","group",29,"binomial","BGC","auc",TRUE,0.709209209209209
"759","ccUSA","ccAustria","group",30,"binomial","BGC","auc",TRUE,0.757763975155279
"760","ccUSA","ccChina","group",30,"binomial","BGC","auc",TRUE,0.762262262262262
"761","ccUSA","ccAustria","group",31,"binomial","BGC","auc",TRUE,0.737405106970324
"762","ccUSA","ccChina","group",31,"binomial","BGC","auc",TRUE,0.781031031031031
"763","ccUSA","ccAustria","group",32,"binomial","BGC","auc",TRUE,0.706349206349206
"764","ccUSA","ccChina","group",32,"binomial","BGC","auc",TRUE,0.796796796796797
"765","ccUSA","ccAustria","group",33,"binomial","BGC","auc",TRUE,0.736369910282954
"766","ccUSA","ccChina","group",33,"binomial","BGC","auc",TRUE,0.677427427427427
"767","ccUSA","ccAustria","group",34,"binomial","BGC","auc",TRUE,0.755003450655625
"768","ccUSA","ccChina","group",34,"binomial","BGC","auc",TRUE,0.777527527527528
"769","ccUSA","ccAustria","group",35,"binomial","BGC","auc",TRUE,0.642857142857143
"770","ccUSA","ccChina","group",35,"binomial","BGC","auc",TRUE,0.724224224224224
"771","ccUSA","ccAustria","group",36,"binomial","BGC","auc",TRUE,0.697032436162871
"772","ccUSA","ccChina","group",36,"binomial","BGC","auc",TRUE,0.792292292292292
"773","ccUSA","ccAustria","group",37,"binomial","BGC","auc",TRUE,0.747066942719117
"774","ccUSA","ccChina","group",37,"binomial","BGC","auc",TRUE,0.735735735735736
"775","ccUSA","ccAustria","group",38,"binomial","BGC","auc",TRUE,0.71911663216011
"776","ccUSA","ccChina","group",38,"binomial","BGC","auc",TRUE,0.792542542542543
"777","ccUSA","ccAustria","group",39,"binomial","BGC","auc",TRUE,0.727743271221532
"778","ccUSA","ccChina","group",39,"binomial","BGC","auc",TRUE,0.71021021021021
"779","ccUSA","ccAustria","group",40,"binomial","BGC","auc",TRUE,0.706004140786749
"780","ccUSA","ccChina","group",40,"binomial","BGC","auc",TRUE,0.782282282282282
"781","ccUSA","ccAustria","group",41,"binomial","BGC","auc",TRUE,0.732574189095928
"782","ccUSA","ccChina","group",41,"binomial","BGC","auc",TRUE,0.738738738738739
"783","ccUSA","ccAustria","group",42,"binomial","BGC","auc",TRUE,0.679779158040028
"784","ccUSA","ccChina","group",42,"binomial","BGC","auc",TRUE,0.784034034034034
"785","ccUSA","ccAustria","group",43,"binomial","BGC","auc",TRUE,0.797101449275362
"786","ccUSA","ccChina","group",43,"binomial","BGC","auc",TRUE,0.705205205205205
"787","ccUSA","ccAustria","group",44,"binomial","BGC","auc",TRUE,0.716011042097999
"788","ccUSA","ccChina","group",44,"binomial","BGC","auc",TRUE,0.771271271271271
"789","ccUSA","ccAustria","group",45,"binomial","BGC","auc",TRUE,0.752070393374741
"790","ccUSA","ccChina","group",45,"binomial","BGC","auc",TRUE,0.811561561561562
"791","ccUSA","ccAustria","group",46,"binomial","BGC","auc",TRUE,0.707729468599034
"792","ccUSA","ccChina","group",46,"binomial","BGC","auc",TRUE,0.719219219219219
"793","ccUSA","ccAustria","group",47,"binomial","BGC","auc",TRUE,0.742236024844721
"794","ccUSA","ccChina","group",47,"binomial","BGC","auc",TRUE,0.781531531531532
"795","ccUSA","ccAustria","group",48,"binomial","BGC","auc",TRUE,0.742926155969634
"796","ccUSA","ccChina","group",48,"binomial","BGC","auc",TRUE,0.815565565565566
"797","ccUSA","ccAustria","group",49,"binomial","BGC","auc",TRUE,0.72463768115942
"798","ccUSA","ccChina","group",49,"binomial","BGC","auc",TRUE,0.792792792792793
"799","ccUSA","ccAustria","group",50,"binomial","BGC","auc",TRUE,0.715320910973085
"800","ccUSA","ccChina","group",50,"binomial","BGC","auc",TRUE,0.790790790790791
"801","ccUSA","ccAustria","group",51,"binomial","BGC","auc",TRUE,0.628364389233954
"802","ccUSA","ccChina","group",51,"binomial","BGC","auc",TRUE,0.770770770770771
"803","ccUSA","ccAustria","group",52,"binomial","BGC","auc",TRUE,0.740855762594893
"804","ccUSA","ccChina","group",52,"binomial","BGC","auc",TRUE,0.813813813813814
"805","ccUSA","ccAustria","group",53,"binomial","BGC","auc",TRUE,0.732919254658385
"806","ccUSA","ccChina","group",53,"binomial","BGC","auc",TRUE,0.738988988988989
"807","ccUSA","ccAustria","group",54,"binomial","BGC","auc",TRUE,0.727743271221532
"808","ccUSA","ccChina","group",54,"binomial","BGC","auc",TRUE,0.711461461461461
"809","ccUSA","ccAustria","group",55,"binomial","BGC","auc",TRUE,0.73567977915804
"810","ccUSA","ccChina","group",55,"binomial","BGC","auc",TRUE,0.808058058058058
"811","ccUSA","ccAustria","group",56,"binomial","BGC","auc",TRUE,0.755348516218081
"812","ccUSA","ccChina","group",56,"binomial","BGC","auc",TRUE,0.801551551551552
"813","ccUSA","ccAustria","group",57,"binomial","BGC","auc",TRUE,0.641131815044858
"814","ccUSA","ccChina","group",57,"binomial","BGC","auc",TRUE,0.758258258258258
"815","ccUSA","ccAustria","group",58,"binomial","BGC","auc",TRUE,0.761214630779848
"816","ccUSA","ccChina","group",58,"binomial","BGC","auc",TRUE,0.780530530530531
"817","ccUSA","ccAustria","group",59,"binomial","BGC","auc",TRUE,0.757763975155279
"818","ccUSA","ccChina","group",59,"binomial","BGC","auc",TRUE,0.738488488488488
"819","ccUSA","ccAustria","group",60,"binomial","BGC","auc",TRUE,0.717736369910283
"820","ccUSA","ccChina","group",60,"binomial","BGC","auc",TRUE,0.711211211211211
"821","ccUSA","ccAustria","group",61,"binomial","BGC","auc",TRUE,0.755003450655625
"822","ccUSA","ccChina","group",61,"binomial","BGC","auc",TRUE,0.818068068068068
"823","ccUSA","ccAustria","group",62,"binomial","BGC","auc",TRUE,0.67287784679089
"824","ccUSA","ccChina","group",62,"binomial","BGC","auc",TRUE,0.764014014014014
"825","ccUSA","ccAustria","group",63,"binomial","BGC","auc",TRUE,0.744651483781919
"826","ccUSA","ccChina","group",63,"binomial","BGC","auc",TRUE,0.765265265265265
"827","ccUSA","ccAustria","group",64,"binomial","BGC","auc",TRUE,0.699447895100069
"828","ccUSA","ccChina","group",64,"binomial","BGC","auc",TRUE,0.772272272272272
"829","ccUSA","ccAustria","group",65,"binomial","BGC","auc",TRUE,0.740855762594893
"830","ccUSA","ccChina","group",65,"binomial","BGC","auc",TRUE,0.797547547547548
"831","ccUSA","ccAustria","group",66,"binomial","BGC","auc",TRUE,0.602139406487233
"832","ccUSA","ccChina","group",66,"binomial","BGC","auc",TRUE,0.696696696696697
"833","ccUSA","ccAustria","group",67,"binomial","BGC","auc",TRUE,0.665976535541753
"834","ccUSA","ccChina","group",67,"binomial","BGC","auc",TRUE,0.807807807807808
"835","ccUSA","ccAustria","group",68,"binomial","BGC","auc",TRUE,0.665631469979296
"836","ccUSA","ccChina","group",68,"binomial","BGC","auc",TRUE,0.774524524524524
"837","ccUSA","ccAustria","group",69,"binomial","BGC","auc",TRUE,0.689095928226363
"838","ccUSA","ccChina","group",69,"binomial","BGC","auc",TRUE,0.792042042042042
"839","ccUSA","ccAustria","group",70,"binomial","BGC","auc",TRUE,0.738095238095238
"840","ccUSA","ccChina","group",70,"binomial","BGC","auc",TRUE,0.800800800800801
"841","ccUSA","ccAustria","group",71,"binomial","BGC","auc",TRUE,0.715665976535542
"842","ccUSA","ccChina","group",71,"binomial","BGC","auc",TRUE,0.751501501501502
"843","ccUSA","ccAustria","group",72,"binomial","BGC","auc",TRUE,0.687025534851622
"844","ccUSA","ccChina","group",72,"binomial","BGC","auc",TRUE,0.737987987987988
"845","ccUSA","ccAustria","group",73,"binomial","BGC","auc",TRUE,0.679434092477571
"846","ccUSA","ccChina","group",73,"binomial","BGC","auc",TRUE,0.756006006006006
"847","ccUSA","ccAustria","group",74,"binomial","BGC","auc",TRUE,0.692546583850932
"848","ccUSA","ccChina","group",74,"binomial","BGC","auc",TRUE,0.789289289289289
"849","ccUSA","ccAustria","group",75,"binomial","BGC","auc",TRUE,0.704623878536922
"850","ccUSA","ccChina","group",75,"binomial","BGC","auc",TRUE,0.78978978978979
"851","ccUSA","ccAustria","group",76,"binomial","BGC","auc",TRUE,0.751897860593513
"852","ccUSA","ccChina","group",76,"binomial","BGC","auc",TRUE,0.721221221221221
"853","ccUSA","ccAustria","group",77,"binomial","BGC","auc",FALSE,0.5
"854","ccUSA","ccChina","group",77,"binomial","BGC","auc",TRUE,0.791291291291291
"855","ccUSA","ccAustria","group",78,"binomial","BGC","auc",TRUE,0.744651483781919
"856","ccUSA","ccChina","group",78,"binomial","BGC","auc",TRUE,0.754254254254254
"857","ccUSA","ccAustria","group",79,"binomial","BGC","auc",TRUE,0.756383712905452
"858","ccUSA","ccChina","group",79,"binomial","BGC","auc",TRUE,0.784034034034034
"859","ccUSA","ccAustria","group",80,"binomial","BGC","auc",TRUE,0.759834368530021
"860","ccUSA","ccChina","group",80,"binomial","BGC","auc",TRUE,0.774524524524524
"861","ccUSA","ccAustria","group",81,"binomial","BGC","auc",TRUE,0.734299516908213
"862","ccUSA","ccChina","group",81,"binomial","BGC","auc",TRUE,0.799299299299299
"863","ccUSA","ccAustria","group",82,"binomial","BGC","auc",TRUE,0.74120082815735
"864","ccUSA","ccChina","group",82,"binomial","BGC","auc",TRUE,0.768268268268268
"865","ccUSA","ccAustria","group",83,"binomial","BGC","auc",TRUE,0.65424430641822
"866","ccUSA","ccChina","group",83,"binomial","BGC","auc",TRUE,0.757007007007007
"867","ccUSA","ccAustria","group",84,"binomial","BGC","auc",TRUE,0.745341614906832
"868","ccUSA","ccChina","group",84,"binomial","BGC","auc",TRUE,0.770770770770771
"869","ccUSA","ccAustria","group",85,"binomial","BGC","auc",TRUE,0.770186335403727
"870","ccUSA","ccChina","group",85,"binomial","BGC","auc",TRUE,0.708708708708709
"871","ccUSA","ccAustria","group",86,"binomial","BGC","auc",TRUE,0.751552795031056
"872","ccUSA","ccChina","group",86,"binomial","BGC","auc",TRUE,0.774274274274274
"873","ccUSA","ccAustria","group",87,"binomial","BGC","auc",TRUE,0.739130434782609
"874","ccUSA","ccChina","group",87,"binomial","BGC","auc",TRUE,0.776776776776777
"875","ccUSA","ccAustria","group",88,"binomial","BGC","auc",TRUE,0.745686680469289
"876","ccUSA","ccChina","group",88,"binomial","BGC","auc",TRUE,0.746996996996997
"877","ccUSA","ccAustria","group",89,"binomial","BGC","auc",TRUE,0.647342995169082
"878","ccUSA","ccChina","group",89,"binomial","BGC","auc",TRUE,0.716466466466467
"879","ccUSA","ccAustria","group",90,"binomial","BGC","auc",TRUE,0.75327812284334
"880","ccUSA","ccChina","group",90,"binomial","BGC","auc",TRUE,0.811061061061061
"881","ccUSA","ccAustria","group",91,"binomial","BGC","auc",TRUE,0.74672187715666
"882","ccUSA","ccChina","group",91,"binomial","BGC","auc",TRUE,0.735985985985986
"883","ccUSA","ccAustria","group",92,"binomial","BGC","auc",TRUE,0.733609385783299
"884","ccUSA","ccChina","group",92,"binomial","BGC","auc",TRUE,0.796546546546547
"885","ccUSA","ccAustria","group",93,"binomial","BGC","auc",TRUE,0.669082125603865
"886","ccUSA","ccChina","group",93,"binomial","BGC","auc",TRUE,0.809059059059059
"887","ccUSA","ccAustria","group",94,"binomial","BGC","auc",TRUE,0.722912353347136
"888","ccUSA","ccChina","group",94,"binomial","BGC","auc",TRUE,0.734234234234234
"889","ccUSA","ccAustria","group",95,"binomial","BGC","auc",TRUE,0.743271221532091
"890","ccUSA","ccChina","group",95,"binomial","BGC","auc",TRUE,0.745245245245245
"891","ccUSA","ccAustria","group",96,"binomial","BGC","auc",TRUE,0.682884748102139
"892","ccUSA","ccChina","group",96,"binomial","BGC","auc",TRUE,0.758758758758759
"893","ccUSA","ccAustria","group",97,"binomial","BGC","auc",TRUE,0.661490683229814
"894","ccUSA","ccChina","group",97,"binomial","BGC","auc",TRUE,0.775025025025025
"895","ccUSA","ccAustria","group",98,"binomial","BGC","auc",TRUE,0.728088336783989
"896","ccUSA","ccChina","group",98,"binomial","BGC","auc",TRUE,0.787787787787788
"897","ccUSA","ccAustria","group",99,"binomial","BGC","auc",TRUE,0.784334023464458
"898","ccUSA","ccChina","group",99,"binomial","BGC","auc",TRUE,0.779029029029029
"899","ccUSA","ccAustria","group",100,"binomial","BGC","auc",TRUE,0.706349206349206
"900","ccUSA","ccChina","group",100,"binomial","BGC","auc",TRUE,0.784534534534535
